{
	"inicioRuta": {
		"nombre": "Pico Fario",
		"latitud": 43.43286535807607,
		"longitud": -5.592850406515339,
		"altura": 730
	},
	"ascendidoCon": [25, 68, 79],
	"ubicacion": "Sierra de Fario"
}